{
  "dashboard": {
    "id": null,
    "title": "Smart Grid Load Monitoring",
    "timezone": "browser",
    "schemaVersion": 26,
    "version": 1,
    "refresh": "10s",
    "panels": [
      {
        "type": "timeseries",
        "title": "Current Load per Substation",
        "targets": [
          {
            "expr": "current_load",
            "legendFormat": "Substation {{instance}}",
            "refId": "A"
          }
        ],
        "datasource": null,
        "gridPos": {
          "x": 0,
          "y": 0,
          "w": 24,
          "h": 8
        },
        "fieldConfig": {
          "defaults": {
            "unit": "short",
            "decimals": 0
          },
          "overrides": []
        }
      }
    ]
  },
  "overwrite": true
}


